区名,町名,ふりがな
葵区,相生町,あいおいちょう
葵区,相淵,あいぶち
葵区,相俣,あいまた
葵区,葵町,あおいちょう
葵区,赤沢,あかざわ
葵区,赤松,あかまつ
葵区,秋山町,あきやまちょう
葵区,上土一丁目,あげつち1
葵区,上土二丁目,あげつち2
葵区,上土新田,あげつちしんでん
葵区,あさはた一丁目,あさはた1
葵区,あさはた二丁目,あさはた2
葵区,足久保奥組,あしくぼおくぐみ
葵区,足久保口組,あしくぼくちぐみ
葵区,東町,あずまちょう
葵区,安倍口新田,あべぐちしんでん
葵区,安倍口団地,あべぐちだんち
葵区,安倍町,あべちょう
葵区,有永,ありなが
葵区,有永町,ありながちょう
葵区,安西一丁目,あんざい1
葵区,安西二丁目,あんざい2
葵区,安西三丁目,あんざい3
葵区,安西四丁目,あんざい4
葵区,安西五丁目,あんざい5
葵区,安東一丁目,あんどう1
葵区,安東二丁目,あんどう2
葵区,安東三丁目,あんどう3
葵区,安東柳町,あんどうやなぎちょう
葵区,井川,いかわ
葵区,池ケ谷,いけがや
葵区,池ケ谷東,いけがやひがし
葵区,一番町,いちばんちょう
葵区,井宮町,いのみやちょう
葵区,伊呂波町,いろはちょう
葵区,岩崎,いわさき
葵区,牛田,うしだ
葵区,牛妻,うしづま
葵区,内牧,うちまき
葵区,有東木,うとうぎ
葵区,産女,うぶめ
葵区,梅ケ島,うめがしま
葵区,梅屋町,うめやちょう
葵区,漆山,うるしやま
葵区,遠藤新田,えんどうしんでん
葵区,追手町,おうてまち
葵区,大岩,おおいわ
葵区,大岩一丁目,おおいわ1
葵区,大岩二丁目,おおいわ2
葵区,大岩三丁目,おおいわ3
葵区,大岩四丁目,おおいわ4
葵区,大岩町,おおいわちょう
葵区,大岩本町,おおいわほんちょう
葵区,大岩宮下町,おおいわみやしたちょう
葵区,大鋸町,おおがまち
葵区,大沢,おおさわ
葵区,太田町,おおたまち
葵区,大原,おおはら
葵区,大間,おおま
葵区,奥池ケ谷,おくいけがや
葵区,奥仙俣,おくせんまた
葵区,落合,おちあい
葵区,音羽町,おとわちょう
葵区,鍵穴,かぎあな
葵区,柿島,かきしま
葵区,籠上,かごうえ
葵区,春日一丁目,かすが1
葵区,春日二丁目,かすが2
葵区,春日三丁目,かすが3
葵区,春日町,かすがちょう
葵区,片羽町,かたはちょう
葵区,加藤島,かとうじま
葵区,門屋,かどや
葵区,上足洗,かみあしあらい
葵区,上足洗一丁目,かみあしあらい1
葵区,上足洗二丁目,かみあしあらい2
葵区,上足洗三丁目,かみあしあらい3
葵区,上足洗四丁目,かみあしあらい4
葵区,上桶屋町,かみおけやちょう
葵区,上落合,かみおちあい
葵区,上沓谷町,かみくつのやちょう
葵区,上石町,かみごくちょう
葵区,上坂本,かみさかもと
葵区,上新富町,かみしんとみちょう
葵区,上伝馬,かみてんま
葵区,桂山,かやま
葵区,唐瀬一丁目,からせ1
葵区,唐瀬二丁目,からせ2
葵区,唐瀬三丁目,からせ3
葵区,川合,かわい
葵区,川合一丁目,かわい1
葵区,川合二丁目,かわい2
葵区,川合三丁目,かわい3
葵区,川越町,かわごしちょう
葵区,川辺町一丁目,かわなべちょう1
葵区,川辺町二丁目,かわなべちょう2
葵区,瓦場町,かわらばちょう
葵区,観山,かんざん
葵区,北,きた
葵区,北一丁目,きた1
葵区,北二丁目,きた2
葵区,北三丁目,きた3
葵区,北四丁目,きた4
葵区,北五丁目,きた5
葵区,北安東一丁目,きたあんどう1
葵区,北安東二丁目,きたあんどう2
葵区,北安東三丁目,きたあんどう3
葵区,北安東四丁目,きたあんどう4
葵区,北安東五丁目,きたあんどう5
葵区,北沼上,きたぬまがみ
葵区,北番町,きたばんちょう
葵区,金座町,きんざまち
葵区,崩野,くずれの
葵区,口坂本,くちさかもと
葵区,口仙俣,くちせんまた
葵区,沓谷,くつのや
葵区,沓谷一丁目,くつのや1
葵区,沓谷二丁目,くつのや2
葵区,沓谷三丁目,くつのや3
葵区,沓谷四丁目,くつのや4
葵区,沓谷五丁目,くつのや5
葵区,沓谷六丁目,くつのや6
葵区,車町,くるまちょう
葵区,黒金町,くろがねちょう
葵区,黒俣,くろまた
葵区,幸庵新田,こうあんしんでん
葵区,郷島,ごうじま
葵区,紺屋町,こうやまち
葵区,小河内,こごうち
葵区,腰越,こしごえ
葵区,小島,こじま
葵区,小瀬戸,こぜと
葵区,五番町,ごばんちょう
葵区,呉服町一丁目,ごふくちょう1
葵区,呉服町二丁目,ごふくちょう2
葵区,小布杉,こぶすぎ
葵区,駒形通一丁目,こまがたどおり1
葵区,駒形通二丁目,こまがたどおり2
葵区,駒形通三丁目,こまがたどおり3
葵区,駒形通四丁目,こまがたどおり4
葵区,駒形通五丁目,こまがたどおり5
葵区,駒形通六丁目,こまがたどおり6
葵区,材木町,ざいもくちょう
葵区,幸町,さいわいちょう
葵区,栄町,さかえちょう
葵区,坂ノ上,さかのかみ
葵区,坂本,さかもと
葵区,桜木町,さくらぎちょう
葵区,桜町一丁目,さくらちょう1
葵区,桜町二丁目,さくらちょう2
葵区,三番町,さんばんちょう
葵区,慈悲尾,しいのお
葵区,七間町,しちけんちょう
葵区,七番町,しちばんちょう
葵区,芝原,しばはら
葵区,下,しも
葵区,城東町,じょうとうちょう
葵区,城内町,じょうないちょう
葵区,昭府一丁目,しょうぶ1
葵区,昭府二丁目,しょうぶ2
葵区,昭府町,しょうぶちょう
葵区,城北,じょうほく
葵区,城北二丁目,じょうほく2
葵区,昭和町,しょうわちょう
葵区,新伝馬一丁目,しんてんま1
葵区,新伝馬二丁目,しんてんま2
葵区,新伝馬三丁目,しんてんま3
葵区,新通一丁目,しんとおり1
葵区,新通二丁目,しんとおり2
葵区,新富町一丁目,しんとみちょう1
葵区,新富町二丁目,しんとみちょう2
葵区,新富町三丁目,しんとみちょう3
葵区,新富町四丁目,しんとみちょう4
葵区,新富町五丁目,しんとみちょう5
葵区,新富町六丁目,しんとみちょう6
葵区,新間,しんま
葵区,神明町,しんめいちょう
葵区,水道町,すいどうちょう
葵区,末広町,すえひろちょう
葵区,杉尾,すぎお
葵区,住吉町一丁目,すみよしちょう1
葵区,住吉町二丁目,すみよしちょう2
葵区,駿河町,するがちょう
葵区,諏訪,すわ
葵区,駿府城公園,すんぷじょうこうえん
葵区,駿府町,すんぷちょう
葵区,清閑町,せいかんちょう
葵区,瀬名,せな
葵区,瀬名一丁目,せな1
葵区,瀬名二丁目,せな2
葵区,瀬名三丁目,せな3
葵区,瀬名四丁目,せな4
葵区,瀬名五丁目,せな5
葵区,瀬名六丁目,せな6
葵区,瀬名七丁目,せな7
葵区,瀬名川一丁目,せながわ1
葵区,瀬名川二丁目,せながわ2
葵区,瀬名川三丁目,せながわ3
葵区,瀬名中央一丁目,せなちゅうおう1
葵区,瀬名中央二丁目,せなちゅうおう2
葵区,瀬名中央三丁目,せなちゅうおう3
葵区,瀬名中央四丁目,せなちゅうおう4
葵区,浅間町一丁目,せんげんちょう1
葵区,浅間町二丁目,せんげんちょう2
葵区,銭座町,ぜんざまち
葵区,千代,せんだい
葵区,千代一丁目,せんだい1
葵区,千代二丁目,せんだい2
葵区,大工町,だいくちょう
葵区,鷹匠一丁目,たかじょう1
葵区,鷹匠二丁目,たかじょう2
葵区,鷹匠三丁目,たかじょう3
葵区,建穂,たきょう
葵区,建穂一丁目,たきょう1
葵区,建穂二丁目,たきょう2
葵区,内匠,たくみ
葵区,岳美,たけみ
葵区,岳美一丁目,たけみ1
葵区,田代,たしろ
葵区,辰起町,たつきちょう
葵区,立石,たていし
葵区,田町一丁目,たまち1
葵区,田町二丁目,たまち2
葵区,田町三丁目,たまち3
葵区,田町四丁目,たまち4
葵区,田町五丁目,たまち5
葵区,田町六丁目,たまち6
葵区,田町七丁目,たまち7
葵区,俵沢,たわらざわ
葵区,俵峰,たわらみね
葵区,茶町一丁目,ちゃまち1
葵区,茶町二丁目,ちゃまち2
葵区,千代田,ちよだ
葵区,千代田一丁目,ちよだ1
葵区,千代田二丁目,ちよだ2
葵区,千代田三丁目,ちよだ3
葵区,千代田四丁目,ちよだ4
葵区,千代田五丁目,ちよだ5
葵区,千代田六丁目,ちよだ6
葵区,千代田七丁目,ちよだ7
葵区,堤町,つつみちょう
葵区,津渡野,つどの
葵区,寺島,てらじま
葵区,天神前,てんじんまえ
葵区,天王町,てんのうちょう
葵区,伝馬町,てんまちょう
葵区,渡,ど
葵区,藤兵衛新田,とうべえしんでん
葵区,通車町,とおりくるまちょう
葵区,研屋町,とぎやちょう
葵区,常磐町一丁目,ときわちょう1
葵区,常磐町二丁目,ときわちょう2
葵区,常磐町三丁目,ときわちょう3
葵区,土太夫町,どだゆうちょう
葵区,栃沢,とちざわ
葵区,巴町,ともえちょう
葵区,豊地,とよち
葵区,富沢,とんざわ
葵区,長尾,ながお
葵区,長熊,ながくま
葵区,中沢,なかざわ
葵区,中町,なかちょう
葵区,長妻田,ながつまた
葵区,長沼,ながぬま
葵区,長沼一丁目,ながぬま1
葵区,長沼二丁目,ながぬま2
葵区,長沼三丁目,ながぬま3
葵区,長沼南,ながぬまみなみ
葵区,中ノ郷,なかのごう
葵区,中平,なかひら
葵区,楢尾,ならお
葵区,奈良間,ならま
葵区,西ケ谷,にしがや
葵区,錦町,にしきちょう
葵区,西草深町,にしくさぶかちょう
葵区,西瀬名町,にしせなちょう
葵区,西千代田町,にしちよだちょう
葵区,西又,にしまた
葵区,西門町,にしもんちょう
葵区,二番町,にばんちょう
葵区,入島,にゅうじま
葵区,野丈,のだけ
葵区,野田平,のだひら
葵区,長谷町,はせちょう
葵区,羽高,はたか
葵区,羽高町,はたかちょう
葵区,八番町,はちばんちょう
葵区,羽鳥,はとり
葵区,羽鳥一丁目,はとり1
葵区,羽鳥二丁目,はとり2
葵区,羽鳥三丁目,はとり3
葵区,羽鳥四丁目,はとり4
葵区,羽鳥五丁目,はとり5
葵区,羽鳥六丁目,はとり6
葵区,羽鳥七丁目,はとり7
葵区,羽鳥大門町,はとりだいもんちょう
葵区,羽鳥本町,はとりほんちょう
葵区,馬場町,ばばんちょう
葵区,飯間,はんま
葵区,東,ひがし
葵区,東一丁目,ひがし1
葵区,東二丁目,ひがし2
葵区,東草深町,ひがしくさぶかちょう
葵区,東静岡一丁目,ひがししずおか1
葵区,東瀬名町,ひがしせなちょう
葵区,東鷹匠町,ひがしたかじょうまち
葵区,東千代田一丁目,ひがしちよだ1
葵区,東千代田二丁目,ひがしちよだ2
葵区,東千代田三丁目,ひがしちよだ3
葵区,人宿町一丁目,ひとやどちょう1
葵区,人宿町二丁目,ひとやどちょう2
葵区,日向,ひなた
葵区,日出町,ひのでちょう
葵区,平野,ひらの
葵区,平柳,ひらやなぎ
葵区,平山,ひらやま
葵区,昼居渡,ひるいど
葵区,福田ケ谷,ふくだがや
葵区,富厚里,ふこうり
葵区,富士見町,ふじみちょう
葵区,双葉町,ふたばちょう
葵区,古庄一丁目,ふるしょう1
葵区,古庄二丁目,ふるしょう2
葵区,古庄三丁目,ふるしょう3
葵区,古庄四丁目,ふるしょう4
葵区,古庄五丁目,ふるしょう5
葵区,古庄六丁目,ふるしょう6
葵区,平和一丁目,へいわ1
葵区,平和二丁目,へいわ2
葵区,平和三丁目,へいわ3
葵区,本通一丁目,ほんとおり1
葵区,本通十丁目,ほんとおり10
葵区,本通二丁目,ほんとおり2
葵区,本通三丁目,ほんとおり3
葵区,本通四丁目,ほんとおり4
葵区,本通五丁目,ほんとおり5
葵区,本通六丁目,ほんとおり6
葵区,本通七丁目,ほんとおり7
葵区,本通八丁目,ほんとおり8
葵区,本通九丁目,ほんとおり9
葵区,本通西町,ほんとおりにしまち
葵区,前林,まえばやし
葵区,牧ケ谷,まきがや
葵区,松富一丁目,まつどみ1
葵区,松富二丁目,まつどみ2
葵区,松富三丁目,まつどみ3
葵区,松富四丁目,まつどみ4
葵区,松富上組,まつどみかみぐみ
葵区,松野,まつの
葵区,丸山町,まるやまちょう
葵区,美川町,みかわちょう
葵区,水落町,みずおちちょう
葵区,水見色,みずみいろ
葵区,緑町,みどりちょう
葵区,南,みなみ
葵区,南一丁目,みなみ1
葵区,南二丁目,みなみ2
葵区,南安倍一丁目,みなみあべ1
葵区,南安倍二丁目,みなみあべ2
葵区,南瀬名町,みなみせなちょう
葵区,南田町,みなみたまち
葵区,南沼上,みなみぬまがみ
葵区,南沼上一丁目,みなみぬまがみ1
葵区,南沼上二丁目,みなみぬまがみ2
葵区,南沼上三丁目,みなみぬまがみ3
葵区,宮ケ崎町,みやがさきちょう
葵区,宮前町,みやまえちょう
葵区,御幸町,みゆきちょう
葵区,弥勒一丁目,みろく1
葵区,弥勒二丁目,みろく2
葵区,森腰,もりこし
葵区,諸子沢,もろこざわ
葵区,屋形町,やかたまち
葵区,八草,やくさ
葵区,薬師,やくし
葵区,八千代町,やちよちょう
葵区,谷津,やつ
葵区,柳町,やなぎちょう
葵区,柳原,やなぎはら
葵区,山崎一丁目,やまざき1
葵区,山崎二丁目,やまざき2
葵区,油島,ゆじま
葵区,柚木町,ゆずのきちょう
葵区,油野,ゆの
葵区,柚木,ゆのき
葵区,湯ノ島,ゆのしま
葵区,油山,ゆやま
葵区,与一一丁目,よいち1
葵区,与一二丁目,よいち2
葵区,与一三丁目,よいち3
葵区,与一四丁目,よいち4
葵区,与一五丁目,よいち5
葵区,与一六丁目,よいち6
葵区,横内町,よこうちちょう
葵区,横沢,よこさわ
葵区,横田町,よこたまち
葵区,横山,よこやま
葵区,与左衛門新田,よざえもんしんでん
葵区,吉津,よしづ
葵区,吉野町,よしのちょう
葵区,四番町,よんばんちょう
葵区,流通センター,りゅうつうせんたー
葵区,竜南一丁目,りゅうなん1
葵区,竜南二丁目,りゅうなん2
葵区,竜南三丁目,りゅうなん3
葵区,両替町一丁目,りょうがえちょう1
葵区,両替町二丁目,りょうがえちょう2
葵区,六番町,ろくばんちょう
葵区,若松町,わかまつちょう
葵区,蕨野,わらびの
駿河区,青木,あおき
駿河区,青沢,あおさわ
駿河区,安居,あご
駿河区,有明町,ありあけちょう
駿河区,池田,いけだ
駿河区,石田一丁目,いしだ1
駿河区,石田二丁目,いしだ2
駿河区,石田三丁目,いしだ3
駿河区,泉町,いずみちょう
駿河区,稲川一丁目,いながわ1
駿河区,稲川二丁目,いながわ2
駿河区,稲川三丁目,いながわ3
駿河区,宇津ノ谷,うつのや
駿河区,有東一丁目,うとう1
駿河区,有東二丁目,うとう2
駿河区,有東三丁目,うとう3
駿河区,大坪町,おおつぼちょう
駿河区,大谷,おおや
駿河区,大谷一丁目,おおや1
駿河区,大谷二丁目,おおや2
駿河区,大谷三丁目,おおや3
駿河区,大和田,おおわだ
駿河区,小黒一丁目,おぐろ1
駿河区,小黒二丁目,おぐろ2
駿河区,小黒三丁目,おぐろ3
駿河区,小坂,おさか
駿河区,小坂一丁目,おさか1
駿河区,小坂二丁目,おさか2
駿河区,小坂三丁目,おさか3
駿河区,小鹿,おしか
駿河区,小鹿一丁目,おしか1
駿河区,小鹿二丁目,おしか2
駿河区,小鹿三丁目,おしか3
駿河区,恩田原,おんだばら
駿河区,片山,かたやま
駿河区,鎌田,かまた
駿河区,上川原,かみかわはら
駿河区,北丸子一丁目,きたまりこ1
駿河区,北丸子二丁目,きたまりこ2
駿河区,国吉田一丁目,くによしだ1
駿河区,国吉田二丁目,くによしだ2
駿河区,国吉田三丁目,くによしだ3
駿河区,国吉田四丁目,くによしだ4
駿河区,国吉田五丁目,くによしだ5
駿河区,国吉田六丁目,くによしだ6
駿河区,栗原,くりはら
駿河区,光陽町,こうようちょう
駿河区,さつき町,さつきちょう
駿河区,敷地一丁目,しきじ1
駿河区,敷地二丁目,しきじ2
駿河区,下川原,しもかわはら
駿河区,下川原一丁目,しもかわはら1
駿河区,下川原二丁目,しもかわはら2
駿河区,下川原三丁目,しもかわはら3
駿河区,下川原四丁目,しもかわはら4
駿河区,下川原五丁目,しもかわはら5
駿河区,下川原六丁目,しもかわはら6
駿河区,下川原南,しもかわはらみなみ
駿河区,下島,しもじま
駿河区,新川一丁目,しんかわ1
駿河区,新川二丁目,しんかわ2
駿河区,石部,せきべ
駿河区,高松,たかまつ
駿河区,高松一丁目,たかまつ1
駿河区,高松二丁目,たかまつ2
駿河区,津島町,つしまちょう
駿河区,手越,てごし
駿河区,手越原,てごしはら
駿河区,寺田,てらだ
駿河区,東新田,とうしんでん
駿河区,東新田一丁目,とうしんでん1
駿河区,東新田二丁目,とうしんでん2
駿河区,東新田三丁目,とうしんでん3
駿河区,東新田四丁目,とうしんでん4
駿河区,東新田五丁目,とうしんでん5
駿河区,豊田一丁目,とよだ1
駿河区,豊田二丁目,とよだ2
駿河区,豊田三丁目,とよだ3
駿河区,豊原町,とよはらちょう
駿河区,登呂一丁目,とろ1
駿河区,登呂二丁目,とろ2
駿河区,登呂三丁目,とろ3
駿河区,登呂四丁目,とろ4
駿河区,登呂五丁目,とろ5
駿河区,登呂六丁目,とろ6
駿河区,中島,なかじま
駿河区,中田一丁目,なかだ1
駿河区,中田二丁目,なかだ2
駿河区,中田三丁目,なかだ3
駿河区,中田四丁目,なかだ4
駿河区,中田本町,なかだほんちょう
駿河区,中野新田,なかのしんでん
駿河区,中原,なかはら
駿河区,中平松,なかひらまつ
駿河区,中村町,なかむらちょう
駿河区,中吉田,なかよしだ
駿河区,西大谷,にしおおや
駿河区,西島,にしじま
駿河区,西中原一丁目,にしなかはら1
駿河区,西中原二丁目,にしなかはら2
駿河区,西平松,にしひらまつ
駿河区,西脇,にしわき
駿河区,根古屋,ねごや
駿河区,東静岡二丁目,ひがししずおか2
駿河区,聖一色,ひじりいっしき
駿河区,平沢,ひらさわ
駿河区,広野,ひろの
駿河区,広野一丁目,ひろの1
駿河区,広野二丁目,ひろの2
駿河区,広野三丁目,ひろの3
駿河区,広野四丁目,ひろの4
駿河区,広野五丁目,ひろの5
駿河区,広野六丁目,ひろの6
駿河区,広野海岸通,ひろのかいがんどおり
駿河区,富士見台一丁目,ふじみだい1
駿河区,富士見台二丁目,ふじみだい2
駿河区,富士見台三丁目,ふじみだい3
駿河区,古宿,ふるやど
駿河区,曲金一丁目,まがりかね1
駿河区,曲金二丁目,まがりかね2
駿河区,曲金三丁目,まがりかね3
駿河区,曲金四丁目,まがりかね4
駿河区,曲金五丁目,まがりかね5
駿河区,曲金六丁目,まがりかね6
駿河区,曲金七丁目,まがりかね7
駿河区,馬渕一丁目,まぶち1
駿河区,馬渕二丁目,まぶち2
駿河区,馬渕三丁目,まぶち3
駿河区,馬渕四丁目,まぶち4
駿河区,丸子,まりこ
駿河区,丸子一丁目,まりこ1
駿河区,丸子二丁目,まりこ2
駿河区,丸子三丁目,まりこ3
駿河区,丸子四丁目,まりこ4
駿河区,丸子五丁目,まりこ5
駿河区,丸子六丁目,まりこ6
駿河区,丸子七丁目,まりこ7
駿河区,丸子新田,まりこしんでん
駿河区,丸子芹が谷町,まりこせりがやちょう
駿河区,水上,みずかみ
駿河区,みずほ一丁目,みずほ1
駿河区,みずほ二丁目,みずほ2
駿河区,みずほ三丁目,みずほ3
駿河区,みずほ四丁目,みずほ4
駿河区,みずほ五丁目,みずほ5
駿河区,見瀬,みせ
駿河区,緑が丘町,みどりがおかちょう
駿河区,港,みなと
駿河区,南安倍三丁目,みなみあべ3
駿河区,南町,みなみちょう
駿河区,南八幡町,みなみやはたちょう
駿河区,宮川,みやがわ
駿河区,宮竹一丁目,みやたけ1
駿河区,宮竹二丁目,みやたけ2
駿河区,宮本町,みやもとちょう
駿河区,向敷地,むこうしきじ
駿河区,向敷地一丁目,むこうしきじ1
駿河区,向敷地二丁目,むこうしきじ2
駿河区,向敷地三丁目,むこうしきじ3
駿河区,向敷地四丁目,むこうしきじ4
駿河区,向敷地五丁目,むこうしきじ5
駿河区,向敷地六丁目,むこうしきじ6
駿河区,向手越一丁目,むこうてごし1
駿河区,向手越二丁目,むこうてごし2
駿河区,用宗,もちむね
駿河区,用宗一丁目,もちむね1
駿河区,用宗二丁目,もちむね2
駿河区,用宗三丁目,もちむね3
駿河区,用宗四丁目,もちむね4
駿河区,用宗五丁目,もちむね5
駿河区,用宗小石町,もちむねこいしちょう
駿河区,用宗城山町,もちむねしろやまちょう
駿河区,用宗巴町,もちむねともえちょう
駿河区,桃園町,ももぞのちょう
駿河区,森下町,もりしたちょう
駿河区,谷田,やだ
駿河区,八幡一丁目,やはた1
駿河区,八幡二丁目,やはた2
駿河区,八幡三丁目,やはた3
駿河区,八幡四丁目,やはた4
駿河区,八幡五丁目,やはた5
駿河区,八幡山,やはたやま
駿河区,大和一丁目,やまと1
駿河区,大和二丁目,やまと2
駿河区,弥生町,やよいちょう
清水区,相生町,あいおいちょう
清水区,愛染町,あいぞめちょう
清水区,青葉町,あおばちょう
清水区,秋吉町,あきよしちょう
清水区,旭町,あさひちょう
清水区,新丹谷,あらたんや
清水区,淡島町,あわしまちょう
清水区,飯田町,いいだちょう
清水区,伊佐布,いさぶ
清水区,石川,いしかわ
清水区,石川新町,いしかわしんまち
清水区,石川本町,いしかわほんちょう
清水区,庵原町,いはらちょう
清水区,今泉,いまいずみ
清水区,入江一丁目,いりえ1
清水区,入江二丁目,いりえ2
清水区,入江三丁目,いりえ3
清水区,入江岡町,いりえおかちょう
清水区,入江南町,いりえみなみちょう
清水区,入船町,いりふねちょう
清水区,有東坂,うとうざか
清水区,有東坂一丁目,うとうざか1
清水区,有東坂二丁目,うとうざか2
清水区,有度本町,うどほんちょう
清水区,梅が岡,うめがおか
清水区,梅ヶ谷,うめがや
清水区,梅田町,うめだちょう
清水区,上原,うわはら
清水区,上原一丁目,うわはら1
清水区,上原二丁目,うわはら2
清水区,永楽町,えいらくちょう
清水区,江尻台町,えじりだいまち
清水区,江尻町,えじりちょう
清水区,江尻東一丁目,えじりひがし1
清水区,江尻東二丁目,えじりひがし2
清水区,江尻東三丁目,えじりひがし3
清水区,恵比寿町,えびすちょう
清水区,追分一丁目,おいわけ1
清水区,追分二丁目,おいわけ2
清水区,追分三丁目,おいわけ3
清水区,追分四丁目,おいわけ4
清水区,大内,おおうち
清水区,大内新田,おおうちしんでん
清水区,大沢町,おおさわちょう
清水区,大坪一丁目,おおつぼ1
清水区,大坪二丁目,おおつぼ2
清水区,大手一丁目,おおて1
清水区,大手二丁目,おおて2
清水区,大手三丁目,おおて3
清水区,大平,おおひら
清水区,岡町,おかまち
清水区,興津東町,おきつあずまちょう
清水区,興津井上町,おきついのうえちょう
清水区,興津清見寺町,おきつせいけんじちょう
清水区,興津中町,おきつなかちょう
清水区,興津本町,おきつほんちょう
清水区,押切,おしきり
清水区,小芝町,おしばちょう
清水区,小島町,おじまちょう
清水区,小島本町,おじまほんちょう
清水区,尾羽,おばね
清水区,折戸,おりど
清水区,折戸一丁目,おりど1
清水区,折戸二丁目,おりど2
清水区,折戸三丁目,おりど3
清水区,折戸四丁目,おりど4
清水区,折戸五丁目,おりど5
清水区,柏尾,かしお
清水区,春日一丁目,かすが1
清水区,春日二丁目,かすが2
清水区,上一丁目,かみ1
清水区,上二丁目,かみ2
清水区,上清水町,かみしみずちょう
清水区,川原町,かわはらちょう
清水区,神田町,かんだちょう
清水区,蒲原,かんばら
清水区,蒲原一丁目,かんばら1
清水区,蒲原二丁目,かんばら2
清水区,蒲原三丁目,かんばら3
清水区,蒲原四丁目,かんばら4
清水区,蒲原神沢,かんばらかんざわ
清水区,蒲原小金,かんばらこがね
清水区,蒲原新栄,かんばらしんえい
清水区,蒲原新田一丁目,かんばらしんでん1
清水区,蒲原新田二丁目,かんばらしんでん2
清水区,蒲原堰沢,かんばらせぎざわ
清水区,蒲原中,かんばらなか
清水区,蒲原東,かんばらひがし
清水区,北矢部,きたやべ
清水区,北矢部町一丁目,きたやべちょう1
清水区,北矢部町二丁目,きたやべちょう2
清水区,北脇,きたわき
清水区,北脇新田,きたわきしんでん
清水区,吉川,きっかわ
清水区,木の下町,きのしたちょう
清水区,清地,きよじ
清水区,銀座,ぎんざ
清水区,草ヶ谷,くさがや
清水区,草薙,くさなぎ
清水区,草薙一丁目,くさなぎ1
清水区,草薙二丁目,くさなぎ2
清水区,草薙三丁目,くさなぎ3
清水区,草薙一里山,くさなぎいちりやま
清水区,草薙北,くさなぎきた
清水区,草薙杉道一丁目,くさなぎすぎみち1
清水区,草薙杉道二丁目,くさなぎすぎみち2
清水区,草薙杉道三丁目,くさなぎすぎみち3
清水区,楠,くすのき
清水区,楠新田,くすのきしんでん
清水区,河内,こうち
清水区,港南町,こうなんちょう
清水区,小河内,こごうち
清水区,駒越,こまごえ
清水区,駒越北町,こまごえきたまち
清水区,駒越中一丁目,こまごえなか1
清水区,駒越中二丁目,こまごえなか2
清水区,駒越西一丁目,こまごえにし1
清水区,駒越西二丁目,こまごえにし2
清水区,駒越東町,こまごえひがしちょう
清水区,駒越南町,こまごえみなみちょう
清水区,幸町,さいわいちょう
清水区,桜が丘町,さくらがおかちょう
清水区,桜橋町,さくらばしちょう
清水区,三光町,さんこうちょう
清水区,茂野島,しげのしま
清水区,宍原,ししはら
清水区,渋川,しぶかわ
清水区,渋川一丁目,しぶかわ1
清水区,渋川二丁目,しぶかわ2
清水区,渋川三丁目,しぶかわ3
清水区,島崎町,しまざきちょう
清水区,清水町,しみずまち
清水区,清水村松地先新田,しみずむらまつちさきしんでん
清水区,下清水町,しもしみずちょう
清水区,下野,しもの
清水区,下野北,しものきた
清水区,下野町,しものちょう
清水区,下野中,しものなか
清水区,下野西,しものにし
清水区,下野東,しものひがし
清水区,下野緑町,しものみどりちょう
清水区,承元寺町,しょうげんじちょう
清水区,庄福町,しょうふくちょう
清水区,上力町,じょうりきちょう
清水区,新富町,しんとみちょう
清水区,新緑町,しんみどりちょう
清水区,新港町,しんみなとちょう
清水区,杉山,すぎやま
清水区,清開一丁目,せいかい1
清水区,清開二丁目,せいかい2
清水区,清開三丁目,せいかい3
清水区,増,ぞう
清水区,袖師町,そでしちょう
清水区,高橋一丁目,たかはし1
清水区,高橋二丁目,たかはし2
清水区,高橋三丁目,たかはし3
清水区,高橋四丁目,たかはし4
清水区,高橋五丁目,たかはし5
清水区,高橋六丁目,たかはし6
清水区,高橋町,たかはしちょう
清水区,高橋南町,たかはしみなみちょう
清水区,高山,たかやま
清水区,宝町,たからちょう
清水区,但沼町,ただぬまちょう
清水区,立花,たちばな
清水区,田町,たまち
清水区,千歳町,ちとせちょう
清水区,築地町,つきじちょう
清水区,月見町,つきみちょう
清水区,辻一丁目,つじ1
清水区,辻二丁目,つじ2
清水区,辻三丁目,つじ3
清水区,辻四丁目,つじ4
清水区,辻五丁目,つじ5
清水区,鶴舞町,つるまいちょう
清水区,天神一丁目,てんじん1
清水区,天神二丁目,てんじん2
清水区,天王町,てんのうちょう
清水区,天王西,てんのうにし
清水区,天王東,てんのうひがし
清水区,天王南,てんのうみなみ
清水区,土,ど
清水区,堂林一丁目,どうばやし1
清水区,堂林二丁目,どうばやし2
清水区,葛沢,とずらさわ
清水区,殿沢一丁目,とのさわ1
清水区,殿沢二丁目,とのさわ2
清水区,巴町,ともえちょう
清水区,鳥坂,とりさか
清水区,中河内,なかごうち
清水区,長崎,ながさき
清水区,長崎新田,ながさきしんでん
清水区,長崎南町,ながさきみなみちょう
清水区,中之郷,なかのごう
清水区,中之郷一丁目,なかのごう1
清水区,中之郷二丁目,なかのごう2
清水区,中之郷三丁目,なかのごう3
清水区,中矢部町,なかやべちょう
清水区,七ツ新屋,ななつしんや
清水区,七ツ新屋一丁目,ななつしんや1
清水区,七ツ新屋二丁目,ななつしんや2
清水区,西大曲町,にしおおまがりちょう
清水区,西久保,にしくぼ
清水区,西久保一丁目,にしくぼ1
清水区,西里,にしざと
清水区,西高町,にしたかちょう
清水区,二の丸町,にのまるちょう
清水区,布沢,ぬのざわ
清水区,沼田町,ぬまたちょう
清水区,能島,のうじま
清水区,蜂ヶ谷,はちがや
清水区,蜂ヶ谷南町,はちがやみなみちょう
清水区,浜田町,はまだちょう
清水区,原,はら
清水区,半左衛門新田,はんざえもんしんでん
清水区,東大曲町,ひがしおおまがりちょう
清水区,日立町,ひたちちょう
清水区,日の出町,ひのでちょう
清水区,平川地,ひらかわじ
清水区,広瀬,ひろせ
清水区,富士見町,ふじみちょう
清水区,船越,ふなこし
清水区,船越一丁目,ふなこし1
清水区,船越二丁目,ふなこし2
清水区,船越三丁目,ふなこし3
清水区,船越町,ふなこしちょう
清水区,船越東町,ふなこしひがしちょう
清水区,船越南町,ふなこしみなみちょう
清水区,船原一丁目,ふなばら1
清水区,船原二丁目,ふなばら2
清水区,蛇塚,へびつか
清水区,堀込,ほりごめ
清水区,本郷町,ほんごうちょう
清水区,本町,ほんまち
清水区,真砂町,まさごちょう
清水区,松井町,まついちょう
清水区,松原町,まつばらちょう
清水区,馬走,まばせ
清水区,馬走北,まばせきた
清水区,馬走坂の上,まばせさかのうえ
清水区,万世町一丁目,まんせいちょう1
清水区,万世町二丁目,まんせいちょう2
清水区,御門台,みかどだい
清水区,緑が丘町,みどりがおかちょう
清水区,港町一丁目,みなとちょう1
清水区,港町二丁目,みなとちょう2
清水区,南岡町,みなみおかまち
清水区,南矢部,みなみやべ
清水区,美濃輪町,みのわちょう
清水区,三保,みほ
清水区,三保松原町,みほまつばらちょう
清水区,宮加三,みやかみ
清水区,宮下町,みやしたちょう
清水区,宮代町,みやしろちょう
清水区,向田町,むかいだちょう
清水区,迎山町,むかえやまちょう
清水区,村松,むらまつ
清水区,村松一丁目,むらまつ1
清水区,村松原一丁目,むらまつはら1
清水区,村松原二丁目,むらまつはら2
清水区,村松原三丁目,むらまつはら3
清水区,元城町,もとしろちょう
清水区,茂畑,もばた
清水区,八木間町,やぎまちょう
清水区,矢倉町,やぐらちょう
清水区,八坂北一丁目,やさかきた1
清水区,八坂北二丁目,やさかきた2
清水区,八坂町,やさかちょう
清水区,八坂西町,やさかにしちょう
清水区,八坂東一丁目,やさかひがし1
清水区,八坂東二丁目,やさかひがし2
清水区,八坂南町,やさかみなみちょう
清水区,谷田,やだ
清水区,八千代町,やちよちょう
清水区,谷津町一丁目,やつちょう1
清水区,谷津町二丁目,やつちょう2
清水区,山切,やまきり
清水区,弥生町,やよいちょう
清水区,山原,やんばら
清水区,由比,ゆい
清水区,由比阿僧,ゆいあそう
清水区,由比今宿,ゆいいまじゅく
清水区,由比入山,ゆいいりやま
清水区,由比北田,ゆいきただ
清水区,由比寺尾,ゆいてらお
清水区,由比西倉澤,ゆいにしくらさわ
清水区,由比西山寺,ゆいにしやまでら
清水区,由比東倉澤,ゆいひがしくらさわ
清水区,由比東山寺,ゆいひがしやまでら
清水区,由比町屋原,ゆいまちやはら
清水区,由比八千代,ゆいやちよ
清水区,横砂,よこすな
清水区,横砂中町,よこすななかちょう
清水区,横砂西町,よこすなにしちょう
清水区,横砂東町,よこすなひがしちょう
清水区,横砂本町,よこすなほんちょう
清水区,横砂南町,よこすなみなみちょう
清水区,吉原,よしわら
清水区,和田島,わだしま
